prot1,res1,prot2,res2
Cdc73,24,Spt6_core,834
Cdc73,185,Spt6_core,940
Cdc73,185,Spt6_core,1062
Cdc73,185,Spt6_core,1063
Cdc73,194,Spt6_core,1062
Cdc73,199,Spt6_core,1062
Cdc73,205,Spt6_core,971
Cdc73,205,Spt6_core,1009
Cdc73,205,Spt6_core,1012
Cdc73,205,Spt6_core,1038
Cdc73,205,Spt6_core,1048
Cdc73,205,Spt6_core,1049
Cdc73,205,Spt6_core,1063
Cdc73,205,Spt6_core,1071
Cdc73,205,Spt6_core,1076
Cdc73,304,Spt6_core,353
Cdc73,304,Spt6_core,940
Cdc73,304,Spt6_core,1012
Cdc73,304,Spt6_core,1062
Cdc73,304,Spt6_core,1062
Cdc73,371,Spt6_core,345
Cdc73,371,Spt6_core,940